Shortcut,main_window,book_details,import_window,import_detail_window,import_progress_window,update_window,preferences_window,web_metadata_window,collection_window,backup_restore_window,name_list_window,reading_history_window
Alt+1,Jump to column 1 (Author),,,,,,,,Jump to list,,,,
Alt+2,Jump to column 2 (Title),,,,,,,,Jump to list,,,,
Alt+3,Jump to column 3 (Year),,,,,,,,Jump to list,,,,
Alt+4,Jump to column 4 (Plot),,,,,,,,Jump to list,,,,
Alt+5,Jump to column 5 (Series),,,,,,,,Jump to list,,,,
Alt+6,Jump to column 6 (Genre),,,,,,,,Jump to list,,,,
Alt+7,Jump to column 7 (Time),,,,,,,,Jump to list,,,,
Alt+8,Jump to column 8 (Tracks),,,,,,,,Jump to list,,,,
Alt+9,Jump to column 9 (Read),,,,,,,,Jump to list,,,,
Alt+U,Update selected,,,,,,
Alt+D,Delete selected,Delete,,,,Delete selected,,,,,
Alt+L,Cancel selection,Close window,Focus import list table,Close window,Focus book list,,,Jump to list,,,
Alt+/,Status bar,Status bar,Status bar,Status bar,Status bar,Status bar,Status bar,Status bar,Status bar,Status bar,Status bar
Alt+T,Title,Title,Title,Title,,Theme,Title,,,,
Alt+A,Author,Author,Author,Author,,Author Fallback,Author,,,,
Alt+Y,Year,Year,Year,Year,,Year,Year,,,Year tab,
Alt+F,Files,Folder field,Files,Files,,Flip Author,,Clear find,,From date field,
Alt+I,Series,Import Selected,Series,Series,,Title Fallback,Series,,,,,
Alt+K,,,,,,,,,,Create backup,,,,
Alt+R,Reader,Reader,Reader,Reader,,Reader Keywords,Rating,,,,,
Alt+C,Collection,Collection,Collection,Collection,Collection,,Cancel,,,Collection active,,,
Alt+M,Length,Length,Length,Length,Directory,,,Name edit,,,Month tab,
Alt+E,Read date,Error filter,Errors,Errors,,Formats,,,,,,
Alt+Z,Size,Size,Size,Size,Zoom (%),,,,,,,
Alt+H,Path,Path,Path,Path,Directory,,,,,,
Alt+O,Comments,Comments,Comments,Comments,Formats,,,,,,
Alt+N,New Book,,,,,New,,,,,,
Alt+S,Save,Scan,Save,Save,Series,Save,Save,,Save,Search,
Alt+V,Save,Import All Valid,,Save,Save,,,,,,
Alt+B,Browse,Browse,Browse,Browse,,,Browse,,,Browse,,,,
Alt+X,Export list to CSV,Export list to CSV,Export list to CSV,,,,,,,,,
Alt+P,,,,,,,,,Plot,,,,,
Alt+G,,,,,,,,,Genre,,,,,
Alt+W,Fetch Web Info,Fetch web info,,,,Fetch Web Data,,,,,
Alt+Down,,,,,,,,Open combo dropdown,,,,,
Ctrl+Plus,Zoom in,Zoom in,Zoom in,Zoom in,Zoom in,Zoom in,Zoom in,Zoom in,Zoom in,Zoom in,Zoom in
Ctrl+Minus,Zoom out,Zoom out,Zoom out,Zoom out,Zoom out,Zoom out,Zoom out,Zoom out,Zoom out,Zoom out,Zoom out
Ctrl+0,Reset zoom,Reset zoom,Reset zoom,Reset zoom,Reset zoom,Reset zoom,Reset zoom,Reset zoom,Reset zoom,Reset zoom,Reset zoom
Ctrl+F,Find,,,,,,
Ctrl+I,Import,,,,,,
Ctrl+N,New Book,,,,,,
Ctrl+U,Update selected,,,,,,
F1,Help,Help,Help,Help,Help,Help,Help,Help,Help,Help,Help
Escape,Close,Close,Close,Close,Close,Close,Close,Close,Close,Close,Close
Enter,Open focused item,Open detail,Open detail,Open detail,Open detail,Open detail,Open detail,Open detail,Open detail,Open detail,Open detail,Open detail
Return,Open focused item,Open detail,Open detail,Open detail,Open detail,Open detail,Open detail,Open detail,Open detail,Open detail,Open detail,Open detail
