Author,Title,Year,Error Type,File/Folder
John Sandford,Dead Watch,2006,,E:/test series from folder books\John Sandford\Dead Watch
John Sandford,The Devil's Code,2000,,E:/test series from folder books\John Sandford\Kidd And LuEllen Book\03 - Devil's Code
John Sandford,The Hanged Man's Song,2003,,E:/test series from folder books\John Sandford\Kidd And LuEllen Book\04 - The Hanged Man's Song\CD-01
John Sandford,Rules of Prey,1989,,E:/test series from folder books\John Sandford\Lucas Deavenport Series\1- Rules of Prey
John Sandford,Certain Prey,1999,,E:/test series from folder books\John Sandford\Lucas Deavenport Series\10-Certain Prey
John Sandford,Easy Prey,2000,,E:/test series from folder books\John Sandford\Lucas Deavenport Series\11-Easy Prey
John Sandford,Chosen Prey,2001,,E:/test series from folder books\John Sandford\Lucas Deavenport Series\12-Chosen Prey
John Sandford,Mortal Prey,2002,,E:/test series from folder books\John Sandford\Lucas Deavenport Series\13-Mortal Prey
John Sandford,Naked Prey,2003,,E:/test series from folder books\John Sandford\Lucas Deavenport Series\14-Naked Prey
John Sandford,Hidden Prey,2004,,E:/test series from folder books\John Sandford\Lucas Deavenport Series\15-Hidden Prey
John Sandford,Broken Prey,2005,,E:/test series from folder books\John Sandford\Lucas Deavenport Series\16-Broken Prey
John Sandford,Invisible Prey,2007,,E:/test series from folder books\John Sandford\Lucas Deavenport Series\17-nvisible Prey
John Sandford,Phantom Prey,2008,,E:/test series from folder books\John Sandford\Lucas Deavenport Series\18-Phantom Prey
John Sandford,Wicked Prey,2009,,E:/test series from folder books\John Sandford\Lucas Deavenport Series\19-Wicked Prey
John Sandford,Shadow Prey,1990,,E:/test series from folder books\John Sandford\Lucas Deavenport Series\2-Shadow Prey
John Sandford,Storm Prey,2010,,E:/test series from folder books\John Sandford\Lucas Deavenport Series\20-Storm Prey
John Sandford,Buried Prey,2011,,E:/test series from folder books\John Sandford\Lucas Deavenport Series\21-Buried Prey
John Sandford,Stolen Prey,2012,,E:/test series from folder books\John Sandford\Lucas Deavenport Series\22-Stolen Prey
John Sandford,Silken Prey,2013,,E:/test series from folder books\John Sandford\Lucas Deavenport Series\23 Silken Prey
John Sandford,Field of Prey,2014,,E:/test series from folder books\John Sandford\Lucas Deavenport Series\24-Field of Pray
John Sandford,Gathering Prey,2015,,E:/test series from folder books\John Sandford\Lucas Deavenport Series\25-Gathering Prey
John Sandford,Extreme Prey,2016,,E:/test series from folder books\John Sandford\Lucas Deavenport Series\26-Extreme Prey
John Sandford,Golden Prey,2017,,E:/test series from folder books\John Sandford\Lucas Deavenport Series\27-Golden Prey
John Sandford,Twisted Prey,2018,,E:/test series from folder books\John Sandford\Lucas Deavenport Series\28 Twisted Prey
John Sandford,Eyes of Prey,1991,,E:/test series from folder books\John Sandford\Lucas Deavenport Series\3- Eyes of Prey
John Sandford,Ocean Prey,2021,,E:/test series from folder books\John Sandford\Lucas Deavenport Series\31-Ocean Prey
John Sandford,Righteous Prey,2022,,E:/test series from folder books\John Sandford\Lucas Deavenport Series\32-Righteous Prey
John Sandford,Judgment Prey,2023,,E:/test series from folder books\John Sandford\Lucas Deavenport Series\33-Judgment Prey
John Sandford,Toxic Prey (Unabridged),2024,,E:/test series from folder books\John Sandford\Lucas Deavenport Series\34-Toxic Prey
John Sandford,Lethal Prey,2025,,E:/test series from folder books\John Sandford\Lucas Deavenport Series\35-Lethal Prey
John Sandford,,1992,E: Title Blank,E:/test series from folder books\John Sandford\Lucas Deavenport Series\4- Silent Prey
John Sandford,Silent Prey,1992,,E:/test series from folder books\John Sandford\Lucas Deavenport Series\4- Silent Prey
John Sandford,Winter Prey,1993,,E:/test series from folder books\John Sandford\Lucas Deavenport Series\5-Winter Prey
John Sandford,Night Prey,1994,,E:/test series from folder books\John Sandford\Lucas Deavenport Series\6-Night Prey
John Sandford,Mind Prey,1995,,E:/test series from folder books\John Sandford\Lucas Deavenport Series\7-Mind Prey
John Sandford,Sudden Prey,1996,,E:/test series from folder books\John Sandford\Lucas Deavenport Series\8-Sudden Prey
John Sandford,Secret Prey,1998,,E:/test series from folder books\John Sandford\Lucas Deavenport Series\9-Secret Prey
John Sandford,The Night Crew,1997,,E:/test series from folder books\John Sandford\The Night Crew
John Sandford,Storm Front,2013,,E:/test series from folder books\John Sandford\Virgil Flowers Series\07 Storm Front
John Sandford,Deadline,2014,,E:/test series from folder books\John Sandford\Virgil Flowers Series\08 Deadline
John Sandford,Escape Clause,2016,,E:/test series from folder books\John Sandford\Virgil Flowers Series\09 Escape Clause
John Sandford,Dark of the Moon,2007,,E:/test series from folder books\John Sandford\Virgil Flowers Series\1 Dark of the Moon
--John Sandford,Deep Freeze,2017,E: Author Name Starts with non-alphabetic character,E:/test series from folder books\John Sandford\Virgil Flowers Series\10 Deep Freeze
John Sandford,Holy Ghost,2018,,E:/test series from folder books\John Sandford\Virgil Flowers Series\11 Holy Ghost
John Sandford,Bloody Genius,2019,,E:/test series from folder books\John Sandford\Virgil Flowers Series\12 Bloody Genius
John Sandford,Heat Lightning,2008,,E:/test series from folder books\John Sandford\Virgil Flowers Series\2 Heat Lighting
John Sandford,Rough Country,2009,,E:/test series from folder books\John Sandford\Virgil Flowers Series\3 Rough Country
John Sandford,Bad Blood,2010,,E:/test series from folder books\John Sandford\Virgil Flowers Series\4 Bad Blood
John Sandford,Shock Wave,2011,,E:/test series from folder books\John Sandford\Virgil Flowers Series\5 Shock Wave
John Samford,Mad River,2012,,E:/test series from folder books\John Sandford\Virgil Flowers Series\6 Mad RIver
Michael R. Stern,Sand Storm,2020,,E:/test series from folder books\Michael R. Stern\quantum touch
michael r. stern,shadow storm,2020,,E:/test series from folder books\Michael R. Stern\quantum touch
Michael R. Stern,Storm Portal,2020,,E:/test series from folder books\Michael R. Stern\quantum touch
Michael R. Stern,Storm Surge,2021,,E:/test series from folder books\Michael R. Stern\quantum touch
Michael R. Stern,Storm Unleashed,2020,,E:/test series from folder books\Michael R. Stern\quantum touch
